create database BikeStores;
use BikeStores;

-- Lab 02 - Create table --
create table brands (
	brand_id int auto_increment primary key,
    brand_name varchar(255) not null
);

create table categories (
	category_id int auto_increment primary key,
    category_name varchar(255) not null
);

create table products (
	product_id int auto_increment primary key,
    product_name varchar(255) not null,
    brand_id int not null,
    category_id int not null,
    model_year smallint not null,
    list_price decimal(10,2) not null,
    foreign key (brand_id) references brands(brand_id),
    foreign key(category_id) references categories(category_id)
);

create table customers(
	customer_id int auto_increment primary key,
    first_name varchar(255) not null,
    last_name varchar(255) not null,
    phone varchar(25),
    email varchar(255) not null,
    street varchar(255),
    city varchar(50),
    state varchar(25),
    zip_code varchar(5)
);

create table stores (
	store_id int auto_increment primary key,
    store_name varchar(255) not null,
    phone varchar(25),
    email varchar(255),
    street varchar(255),
    city varchar(255),
    state varchar(10),
    zip_code varchar(5)
);

create table staffs (
	staff_id int auto_increment primary key,
    first_name varchar(50) not null,
    last_name varchar(50) not null,
    email varchar(255) not null,
    phone varchar(25),
    active tinyint not null,
    store_id int not null,
    manager_id int,
    foreign key (store_id) references stores(store_id),
    foreign key (manager_id) references staffs(staff_id)
);

create table orders (
	order_id int auto_increment primary key,
    customer_id int,
    order_status tinyint not null,
    order_date date not null,
    required_date date not null,
    shipped_date date,
    store_id int not null,
    staff_id int not null,
    foreign key (customer_id) references customers(customer_id),
    foreign key (store_id) references stores(store_id),
    foreign key (staff_id) references staffs(staff_id)
);

create table stocks (
	store_id int,
    product_id int,
    quantity int,
    primary key (store_id, product_id),
    foreign key(store_id) references stores(store_id),
    foreign key(product_id) references products(product_id)
);

create table order_items (
	order_id int,
    item_id int,
    product_id int not null,
    quantity int not null,
    list_price decimal(10,2) not null,
    discount decimal(4,2) not null,
    primary key (order_id, item_id),
    foreign key(order_id) references orders(order_id),
    foreign key(product_id) references products(product_id)
);

-- Lab 03 - Insert data --
insert into brands (brand_name)
values ('Electra'), ('Haro'), ('Heller'), ('Pure Cycles'), ('Ritchey'), ('Strider'), ('Sun Bicycles'), ('Surly'), ('Trek');

insert into categories (category_name)
values ('Children Bicycles'), ('Comfort Bicycles'), ('Cruisers Bicycles'), ('Cyclocross Bicycles'), ('Electric Bikes'), ('Mountain Bikes'), ('Road Bikes');

insert into products (product_name, brand_id, category_id, model_year, list_price)
values 	('Trek 820 - 2016', 9, 6, 2016, 379.99),
		('Ritchey Timberwolf Frameset - 2016', 5, 6, 2016, 749.99),
		('Surly Wednesday Frameset - 2016', 8, 6, 2016, 999.99),
        ('Trek Fuel EX 8 29 - 2016', 9, 6, 2016, 2899.99),
        ('Heller Shagamaw Frame - 2016', 3, 6, 2016, 1320.99),
        ('Surly Ice Cream Truck Frameset - 2016', 8, 6, 2016, 469.99),
        ('Trek Slash 8 27.5 - 2016', 9, 6, 2016, 3999.99),
        ('Trek Remedy 29 Carbon Frameset - 2016', 9, 6, 2016, 1799.99),
        ('Trek Conduit+ - 2016', 9, 5, 2016, 2999.99),
        ('Surly Straggler - 2016', 8, 4, 2016, 1549.00);
        

insert into customers (first_name, last_name, phone, email, street, city, state, zip_code)
values	('Debra', 'Burks', null, 'debra.burks@yahoo.com', '9273 Thome Ave.', 'Orchard Park', 'NY', '14127'),
		('Kasha', 'Todd', null, 'kasha.todd@yahoo.com', '910 Vine Street', 'Campbell', 'CA', '95008'),
        ('Tameka', 'Fisher', null, 'tameka.fisher@aol.com', '769C Honey Creek St.', 'Redondo Beach', 'CA', '90278'),
        ('Daryl', 'Spence', null, 'daryl.spence@aol.com', '968 Pearl Lane', 'Uniondale', 'NY', '11553'),
        ('Charolette', 'Rice', '(916) 381-6003', 'charolette.rice@msn.com', '107 River Dr.', 'Sacramento', 'CA', '95820');
        
insert into stores (store_name, phone, email, street, city, state, zip_code)
values	('Santa Cruz Bikes', '(831) 476-4321', 'santacruz@bikes.shop', '3700 Portola Drive', 'Santa Cruz', 'CA', '95060'),
		('Baldwin Bikes', '(516) 379-8888', 'baldwin@bikes.shop', '4200 Chestnut Lane', 'Baldwin', 'NY', '11432'),
        ('Rowlett Bikes', '(972) 530-5555', 'rowlett@bikes.shop', '8000 Fairway Avenue', 'Rowlett', 'TX', '75088');

insert into stocks (store_id, product_id, quantity) 
values 	(1, 1, 27),
		(1, 2, 5),
		(1, 3, 6),
		(1, 4, 23),
		(1, 5, 22),
		(1, 6, 0),
		(1, 7, 8),
		(1, 8, 0),
		(1, 9, 11),
		(1, 10, 15);

insert into staffs (first_name, last_name, email, phone, active, store_id, manager_id) 
values	('Fabiola', 'Jackson', 'fabiola.jackson@bikes.shop', '(831) 555-5554', 1, 1, NULL),
		('Mireya', 'Copeland', 'mireya.copeland@bikes.shop', '(831) 555-5555', 1, 1, 1),
		('Genna', 'Serrano', 'genna.serrano@bikes.shop', '(831) 555-5556', 1, 1, 2),
		('Virgie', 'Wiggins', 'virgie.wiggins@bikes.shop', '(831) 555-5557', 1, 1, 2),
		('Jannette', 'David', 'jannette.david@bikes.shop', '(516) 379-4444', 1, 2, 1);
        
insert into orders (customer_id, order_status, order_date, required_date, shipped_date, store_id, staff_id) 
values	(1, 4, '2016-01-01', '2016-01-03', '2016-01-03', 1, 2),
		(2, 4, '2016-01-01', '2016-01-04', '2016-01-03', 2, 5),
		(3, 4, '2016-01-02', '2016-01-05', '2016-01-03', 2, 5),
		(4, 4, '2016-01-03', '2016-01-04', '2016-01-05', 1, 3),
		(5, 4, '2016-01-03', '2016-01-06', '2016-01-06', 2, 4);

insert into order_items (order_id, item_id, product_id, quantity, list_price, discount)
values 	(1, 1, 10, 1, 599.99, 0.20),
		(1, 2, 8, 2, 1799.99, 0.07),
		(1, 3, 10, 2, 1549.00, 0.05),
		(1, 4, 10, 2, 599.99, 0.05),
		(1, 5, 4, 1, 2899.99, 0.20),
		(2, 1, 10, 1, 599.99, 0.07),
		(2, 2, 10, 2, 599.99, 0.05),
		(3, 1, 3, 1, 999.99, 0.05),
		(3, 2, 10, 1, 599.99, 0.05),
		(4, 1, 2, 2, 749.99, 0.10);


